id_cliente,nombre,tipo_cliente,RUC,DNI,direccion,distrito,provincia,departamento,telefono,telefono_alternativo,email,tipo_negocio,horario_atencion
cdfe947e-a9ff-4ec1-a8d7-dfa9bbd3a9dc,Ashley Rodriguez,persona_natural,44913896.0,81031099,"Unit 7737 Box 7976
DPO AP 01501",East Angelahaven,East Morganburgh,North Carolina,+1-278-008-1889x771,001-742-066-5466x9009,april47@gmail.com,Distribuidor,10:56:34 - 07:53:26
8eba7588-6ec8-418e-a690-158854429db9,Brenda Bernard,empresa,68420038857.0,15131183,"871 Sabrina Meadow
Port John, FL 28114",Jerryburgh,North Jesse,Nebraska,(989)238-6481,,nancymcdonald@jackson-shaw.com,Distribuidor,01:49:31 - 20:53:51
71f762be-6226-44cf-b103-08ffe1f7303a,Alexis Boone,persona_natural,,84430980,"943 Barrett Shores
North Cameron, ME 75478",New Heather,New Anthony,Hawaii,294-448-2161x0536,764-120-6447,michelle98@yahoo.com,Otro,18:34:57 - 01:45:30
fb4de9b3-3e13-45ad-8d29-2609d84d361f,Nicole Friedman,persona_natural,87001022920.0,3848374,"9722 Travis Way
New Michael, CO 63877",West Joshua,West Matthewborough,Idaho,113.503.3759x70844,,brianhawkins@gmail.com,Particular,17:20:05 - 23:00:04
7ec858e0-5c76-46c9-b51c-c1e95440a4f9,Nicholas Lopez,persona_natural,,53021617,"992 Jared Knolls Suite 365
Margaretport, RI 83376",Lake Mary,Hendrixtown,Texas,(728)289-2288,+1-594-205-6416x92729,cassandramckenzie@yahoo.com,Distribuidor,13:31:17 - 17:00:08
086a12a1-c283-4975-a85d-e9dab3664a23,Laura Olson,persona_natural,35563509140.0,10382822,"687 Lindsay Turnpike
West Samanthaberg, TX 72124",Lake Richardhaven,Diazborough,South Carolina,913.033.1737x159,717.480.9887,htodd@gmail.com,Otro,16:25:06 - 13:31:14
7d1d199f-739c-4e32-b858-9db4fc233aa8,Gregory Gamble,empresa,,53142532,"4643 Hess Inlet Suite 952
Kaylaborough, MT 97153",Amandaville,Ricardoberg,Colorado,+1-819-093-4003,,marshallbrandy@perez.net,Particular,09:33:50 - 08:08:56
26cb9dfe-cb46-4885-9f72-5442be79e022,Kenneth Wells,empresa,50878169614.0,86373220,"7807 Holland Lodge Suite 098
South Craig, NM 89160",Mortonburgh,Wrightside,Tennessee,(904)864-1229x59658,,qkelly@mendoza.biz,Particular,14:56:11 - 18:45:45
5c8ff230-904f-47e6-bb37-3451e71f805d,Joann Scott,empresa,73030371027.0,86006510,"467 Jake Isle
Valenciafurt, WI 85753",Ryanburgh,Kelleytown,Arizona,877.837.0957x782,,hansonjoseph@walker.com,Otro,07:24:41 - 11:36:35
7702f4d9-1ab9-406b-9817-e31322fde625,Scott Jones MD,empresa,,46679329,"USCGC Miller
FPO AA 59144",Allenburgh,Adamland,Mississippi,(163)653-9775,,marciapaul@gmail.com,Particular,19:45:15 - 12:33:23
7246d86b-9560-4a10-8ea0-8a8d8c28e0de,Kathryn Johnson,persona_natural,,1151927,"6159 Kyle Point
Valerieview, NE 59296",Kristinton,Berrystad,Arizona,735-959-2242,,adamstokes@day.com,Distribuidor,07:06:36 - 10:44:12
39329f5e-2cfa-4afc-9895-0d1d5c813d9a,Elizabeth Floyd,empresa,57527949340.0,59945701,"622 Jessica Burg
Williamsport, VA 36792",North Aprilfurt,Lake Samuel,Alabama,001-197-061-4219x618,095-452-2303x8186,williamstammy@pennington.com,Particular,16:44:24 - 07:50:03
c8a956de-f4fa-47ed-a483-609eae764332,Barry Ramirez,persona_natural,33022003165.0,32467216,"570 Lambert Route
Lake Jeffrey, DE 96386",North Jeremiahchester,Ronaldborough,Vermont,+1-520-581-8921,,qmoore@phillips.com,Otro,06:42:21 - 18:16:13
b6425a79-3164-4982-9eef-04819b0b57dd,Sharon Walker,persona_natural,,85593956,"71983 Beard Unions
Anthonyfort, ME 15618",West Jerryhaven,Hartburgh,Arizona,+1-126-655-7583x3502,+1-072-424-9885,richardlloyd@yahoo.com,Particular,06:31:03 - 19:35:56
4ebed170-5023-4aae-a1cc-527bc26e0542,Joshua Schroeder,persona_natural,,58455494,"26293 Justin Pike Apt. 095
Banksland, GA 67066",East Pamela,New Desiree,South Dakota,018.534.2986,898.190.8380x2370,alyssa83@mendoza.com,Otro,00:52:24 - 18:11:12
62bffc99-67a4-4fd2-aaf2-fd5d4f7071d3,Brenda Crawford,empresa,12708933612.0,86601854,"PSC 4191, Box 1116
APO AP 55728",Evanport,Wilsonborough,Alaska,012.093.3354,,michelle59@gmail.com,Particular,02:39:01 - 13:58:43
ce2087f9-f506-4403-acce-5250dcd30cc8,Dustin Young,persona_natural,,62566238,"941 Petersen Cove
West Derekchester, VT 68759",East Amandafurt,Cabreraberg,Oklahoma,968-222-0293x754,,rgiles@hotmail.com,Otro,11:55:38 - 07:18:06
3ce2edc0-38bf-46af-8741-6e5087158fc8,Scott Lane,persona_natural,,1473655,"831 Lynch Route
Colebury, IL 91629",Brianbury,Port Andrewbury,Massachusetts,038.622.6477,114-937-6413x0251,rjames@hotmail.com,Particular,04:48:23 - 00:32:30
3e0d4d32-290e-4fee-b2cb-f72a326141c3,Michael Harrison,empresa,,19511027,"4399 Wyatt Trail Apt. 606
North Davidshire, MO 85938",Port Debra,Nguyenburgh,Wisconsin,001-766-602-8879,,woodssara@brewer.org,Otro,05:57:47 - 04:11:25
235e5d10-83cc-48be-a1a0-03085154c770,Kristin Lopez,empresa,69427382030.0,82012055,"6886 Rodriguez Burgs
Marieshire, CO 79144",New Thomas,North Dennis,Wyoming,418.185.0677x9478,,wjoseph@warner.biz,Otro,07:39:50 - 02:52:07
21260788-7e89-4205-babe-b04448ee5ae5,Nathan Ramos,persona_natural,84549106505.0,40601516,"7452 Melissa Plaza Suite 506
Samanthachester, OR 03162",Torresview,Robertburgh,Arizona,890-779-6643x27808,,billhall@hotmail.com,Particular,02:30:07 - 08:40:20
0182d673-ba9a-4c30-9cb5-218f59ad3240,Lauren Weaver,persona_natural,32498031039.0,30305807,"0262 Nicholas Plains
Lydiamouth, AK 45625",Port Scott,West Samanthahaven,Arkansas,(351)384-6141x309,,dawnsimpson@yahoo.com,Distribuidor,05:48:19 - 19:43:47
9f34d51e-9f51-4509-86bb-a9f84962cc5a,Richard Bradford,persona_natural,,29539195,"965 Berger Plain
Moorefort, NH 21837",Connieshire,Lake Glennburgh,Connecticut,001-945-133-2368x08207,,kyle58@rodriguez.org,Otro,10:26:00 - 20:59:42
f78dc2b3-d7d1-4055-8556-4ae67d273b89,Jenna Nelson,persona_natural,,29274132,"67028 Bennett Parkways
Myersfort, TN 60933",Michellehaven,Lake Lisa,Florida,001-886-902-3860x03670,9097677700,mbrown@sexton-brown.info,Otro,04:26:33 - 04:54:48
acdcc929-68b0-4ce0-a025-d28f8ac203cb,Jill Garcia,empresa,52747583418.0,45010782,"825 Hawkins Cliff Suite 279
East John, NH 82305",Evansberg,Calebport,Ohio,(848)322-4465x57266,(824)968-5731x544,michaelbarry@grant-espinoza.com,Otro,15:04:49 - 22:52:29
5d14b9f2-2db3-43d9-9b1b-7415cf8bc377,Paul Cardenas,persona_natural,,16463918,"4835 Graves Views Suite 347
Port William, VT 23833",Barkerfort,Jeffreymouth,Utah,(504)125-6037,3961792411,laura90@stokes.com,Distribuidor,05:21:28 - 10:14:07
9338b30d-167a-45a0-a602-ade867959577,Wesley Baker,persona_natural,21135999875.0,99924512,"125 Mercado Union
North Derekmouth, RI 84474",Lindafort,East Caseymouth,Massachusetts,+1-858-778-8810x58283,+1-033-454-9610x60398,charles40@davidson.info,Particular,13:27:59 - 03:24:30
dde96e65-5df9-435a-9dd7-48fef383c2f7,Maria Sullivan,empresa,90131262052.0,64979759,"537 Jordan Shoal
Rachelmouth, NH 53163",Justinmouth,Sheilatown,North Dakota,(055)527-6710x08357,,bauerkelsey@gmail.com,Particular,17:37:48 - 17:18:52
38376870-418e-4bc0-8246-c6bf8c045795,Karen Guzman,persona_natural,,42784472,"24981 Steve Track Apt. 165
New Pamela, AZ 60415",West Susanmouth,West Angela,North Dakota,114-353-9774,050.748.9916x20298,ahardin@maldonado.com,Distribuidor,10:08:47 - 00:16:54
6b261172-4167-4a02-aa60-2b43c3338cb7,Erik Stevenson,empresa,,29629143,"3024 April Spurs
South Douglas, MS 62269",New Brian,New Aprilport,South Dakota,143-208-8078x611,,katherine50@gmail.com,Particular,01:52:23 - 19:48:20
bf9e20b2-903b-4e69-96f6-9ff1fc03deb0,Joseph Clark,empresa,,88573477,"Unit 2393 Box 3791
DPO AE 32457",Emilyland,New Matthewshire,Colorado,767-630-5507x377,,michele69@moreno.org,Distribuidor,02:31:23 - 01:20:38
082d0241-4229-4af7-9287-31f035c4b903,Ashley Moore,persona_natural,,14552227,"7038 Hoffman Land Suite 120
Curtistown, ID 37934",New Tiffanyhaven,New Hollyland,Washington,189-703-5973x97616,549.684.5904x3899,woodterri@hartman.biz,Distribuidor,04:16:24 - 06:18:12
d3180164-c242-4297-a384-1d59edc05083,Timothy Vincent,empresa,44125673331.0,45886548,"3496 Melissa Passage Apt. 869
Meganberg, MN 22149",Richardsport,Bryantfort,Ohio,8194387397,+1-427-676-9881x26794,steve29@morales.com,Otro,06:08:25 - 15:33:59
fcffdea0-ec99-4330-9a45-1b150c3283ca,George Ward,empresa,2010339953.0,4324408,"3417 Logan Court Apt. 547
Lukeberg, IL 01475",Rodriguezshire,Jessicaview,Hawaii,353.976.7893x39898,001-962-731-9659x94763,mendezthomas@hotmail.com,Distribuidor,00:26:02 - 23:49:54
93c8656b-21c2-4a1b-8060-2e0e953e237a,Robert Horton,empresa,10865847332.0,65414287,"PSC 4598, Box 4022
APO AE 47045",Obrienborough,New Patriciaville,Idaho,156.148.4296x05653,(086)043-0601,sherryrodriguez@murphy-scott.com,Otro,00:03:49 - 01:06:37
0b5fe7d3-0eed-41bc-8ff6-94cef9d9cea4,Jamie Moore,empresa,,82115575,"957 Burke Circles Apt. 465
East Adam, HI 52370",East Jamesshire,East Rita,South Dakota,(517)214-2147x5703,,anthonyhart@herrera-wright.com,Particular,17:05:02 - 15:42:36
c409ac55-182a-4c7d-a4b5-806b7ccd31a8,Christopher Lucas,persona_natural,,13321792,"7445 Joseph Port
New Dillon, LA 68612",Barbershire,Lake Jefferymouth,Vermont,001-682-147-7546x213,686.268.3453x62066,huberrhonda@gmail.com,Particular,08:05:22 - 10:55:25
52db2dd0-390f-4117-b646-52694bdebd94,Sharon Simon,persona_natural,,47685456,"50200 Robertson Mill
Sandovalshire, SD 90093",Walkerville,Lake Jeffery,New Mexico,906.107.6174x942,,susan99@gmail.com,Particular,13:04:53 - 20:24:34
238934f4-c3cc-49e5-b6c3-aefa9365e7f7,Michael Mayer,persona_natural,55910414431.0,58778547,"1511 Debbie Creek Suite 309
Perezbury, OK 39035",West Timothyland,Meganshire,Oklahoma,001-622-221-7188x43051,(567)539-8952,vscott@yahoo.com,Particular,22:28:30 - 16:43:05
0812f119-7e39-49e7-9901-024dcf026b2d,Tonya Murphy,empresa,,82652387,"076 Hensley River Suite 457
South Erikaburgh, ME 53024",Leonardtown,New Erin,Iowa,252-954-2904x0912,4485596300,martincraig@eaton.com,Otro,23:47:57 - 15:21:28
e83d5419-e4a2-4d4e-8742-62cefed5a595,Thomas Spencer,persona_natural,,9212186,"72705 Alexander Prairie
North Ashley, IA 50258",Lake Angela,South Kevin,Arizona,745.478.6125,(089)779-6084x6728,kvasquez@reyes.com,Distribuidor,08:18:05 - 05:51:07
d8584fd9-ff7e-4de9-b5fb-f14ebec06936,Stephanie Mosley,persona_natural,73446317786.0,89819823,"Unit 1611 Box 9563
DPO AP 08676",West Matthew,North Tracy,Missouri,001-011-020-6848x0482,,belinda35@hotmail.com,Otro,12:18:48 - 07:42:34
91ed95cd-0ad9-4b81-b2d5-ede60c8dbd7f,Philip Calderon,empresa,79135558136.0,82299750,"049 Levine Prairie Apt. 894
Sarabury, DC 58117",New Wandachester,North Patriciastad,Maine,+1-376-929-0007,,gonzaleztyrone@owens.biz,Distribuidor,07:33:01 - 23:20:22
d5a5194c-5053-4d7c-b7d5-17db9e3a399b,Richard Wong,persona_natural,,14031951,"USNV Castaneda
FPO AA 58388",Lake Shelley,Waltersshire,New Jersey,+1-010-508-4766x9654,,ajackson@hotmail.com,Distribuidor,14:08:36 - 15:51:32
a69b35db-9bd7-40e9-af98-459fe2d0ee5f,Katelyn Bailey,empresa,63407158997.0,42946436,"4097 Karen Fall
South Justin, NE 16748",Port Danaport,Mistybury,Virginia,687-675-8156,+1-490-819-5327x80753,hansenjoanna@hotmail.com,Particular,23:41:38 - 19:23:14
1eb4e8df-1343-425d-9228-2aa86bbc918c,Kimberly Luna,persona_natural,80857163902.0,65720761,"6417 Wright Skyway
New Charles, NJ 64495",North Mackenzieview,Connerville,Mississippi,520.040.9740x537,001-736-237-6433x7874,aflores@oliver-wilson.com,Particular,18:12:20 - 20:58:12
870b35f8-c348-4759-9f42-9e0aa3f58ea6,John Powers,empresa,,76264224,"008 Herrera Terrace Suite 518
New Amber, WY 71631",West Scott,Johnsonstad,Georgia,+1-347-182-1670x089,,marie68@gmail.com,Particular,16:55:36 - 00:05:36
3542bd79-8b9a-4932-9f95-fe56b0685ee8,Alexandra Sanchez,empresa,44132948517.0,82625407,"68275 Quinn Estates Apt. 913
Powellchester, MI 93446",Stephenfort,Carsonborough,Minnesota,(517)867-5141x57083,+1-884-601-1501x97660,margaretdickerson@koch-ortiz.com,Otro,06:13:42 - 11:49:07
14d3320e-7edd-4e23-935f-cbbf5261f0b1,Robert Green,persona_natural,,31250011,"976 Harvey Mission
East Scott, MD 55784",Coleville,Derekhaven,Illinois,344.328.2285x58437,151-410-2086x551,camposbrooke@mcguire.com,Particular,00:25:29 - 22:18:42
d68c0d39-f66d-4dda-b567-8c5ee42694f1,Charles Johnson,empresa,,45016153,"PSC 2099, Box 8577
APO AA 03856",North Carl,West Sarahside,Florida,440.425.2468x762,0680825198,donald74@walker.info,Distribuidor,15:11:45 - 00:41:46
3534c6bd-082e-4cc1-9aa6-7653a584c3a3,Erica Riley,empresa,60946261706.0,4637385,"3231 Jessica Views Apt. 098
Lake Richard, WA 92178",Meganchester,West Jeffreyport,North Dakota,(292)175-3179,,lynchtara@yahoo.com,Otro,15:53:49 - 22:53:33
43d55956-7312-4983-a5dc-39dee34a60fe,Michelle Watkins,persona_natural,,73023622,"433 Michael Trail
Shaneside, DC 27259",New Andrewberg,New Nathan,Illinois,239.494.9801,001-018-807-4729x1744,shane54@gmail.com,Otro,11:33:13 - 14:33:02
69dcdd19-5dd8-425f-bce8-b2debb8fa0ab,Andrew Cole,persona_natural,,69655055,"609 Michael Falls
Taylorshire, SD 55106",Robertfort,Melissachester,Indiana,336.540.0026x700,+1-468-471-6003x8180,leslie15@hotmail.com,Particular,10:19:21 - 16:01:03
69bf1d53-1e3b-4bfc-b368-6377538d127f,Thomas Rivas,persona_natural,43622714800.0,54320563,"293 Williams Terrace Suite 420
New Evan, IN 45435",North Kimberlystad,Jeffreyfurt,Alabama,001-222-966-9404x44842,4420465726,johnprice@yahoo.com,Distribuidor,06:56:17 - 09:36:07
fe31d691-a905-43e4-8d16-7b4db966a285,Adam Cooper,empresa,96616339430.0,90666125,"458 Hernandez Harbors
Lake Christopherton, LA 61013",Deleonville,Jennifermouth,Ohio,+1-694-809-4374x10141,,ryanmccullough@gmail.com,Particular,01:10:56 - 05:49:30
7c0b4a6e-b2dc-47dd-bfb7-dfeb91a263b4,Gabriella Arias,persona_natural,40701627275.0,91916313,"PSC 8880, Box 0084
APO AA 90623",South Lisa,West Austinbury,Iowa,973.641.5491x052,,halledwin@gmail.com,Particular,08:29:19 - 08:58:58
8699a49a-010d-4c02-bfba-88c82927bdb0,Elizabeth Fletcher,persona_natural,,65017127,"8576 Wheeler Greens Apt. 195
Port Andreaton, MA 78018",Andresmouth,Samanthaside,Massachusetts,202-095-9101x8238,413-589-4020x1164,christopherhunt@gmail.com,Distribuidor,20:31:50 - 08:51:42
b25b690f-8187-4692-856f-7a1f57591a13,Justin Schneider,persona_natural,40191492869.0,66359965,"USS Graham
FPO AP 05511",New Robert,South Lesliechester,Montana,149.095.9601,+1-021-163-8859,lewissandra@yahoo.com,Otro,05:45:34 - 00:44:23
8cfd3157-2e2c-4421-9b96-9dfa016e0723,Kevin Robinson,empresa,93229710225.0,59884158,"37206 Hicks Walk
Brianton, TX 32081",New Bethview,East Mary,New Jersey,628-886-1249x85584,045-712-2909x1854,karentorres@flores-butler.com,Otro,00:20:31 - 10:07:58
223bfda4-053d-4eb8-aa72-78d70496415f,Kaitlyn Novak,persona_natural,83867100379.0,4226749,"538 Erik Views
Lake Amanda, DE 31698",Lake Frankborough,Lake Josephfort,Iowa,(797)139-3693x05243,,kellyamanda@moore.org,Otro,14:50:36 - 16:50:14
1b91d1f8-5b22-4c61-8595-5a4a700125e9,Jason Meyers,persona_natural,70803026874.0,59114847,"4990 Jessica Shores
Knightmouth, TX 45009",East Jameshaven,New Michael,New Hampshire,(949)732-7117x08592,,gomezrichard@hall.com,Otro,12:06:41 - 00:44:52
dbd7f024-2981-4493-80ce-b26b221067c1,Mr. Shaun Simmons,empresa,,72560346,"1545 Ryan Center
Camachoside, MO 32867",New Vanessa,Kellyville,West Virginia,(975)934-4469x418,133-168-6150x6936,cameronmary@hotmail.com,Distribuidor,16:12:13 - 16:26:19
2437d40c-878a-467e-a788-b7665331579e,Justin Massey,persona_natural,,97066558,"335 Watson Well Suite 190
Blevinsshire, UT 37142",New Mirandastad,Lake Shawn,Connecticut,1685528155,001-261-909-8853x39078,epatterson@chen.biz,Particular,01:52:37 - 08:21:45
25b2944e-17aa-4f31-8da2-10ce0ae3ea68,Christina Phillips,empresa,,19240705,"596 Burke Islands Apt. 493
Port Gene, WY 19580",New Nicole,Gainesbury,Arizona,909-472-2101x1363,(120)311-6472,gonzalezruth@hardy.biz,Distribuidor,10:55:37 - 04:38:05
393bf88d-be42-48af-9b82-fdf64de5ea73,Miguel Cooper,empresa,86805890571.0,6518685,"5368 Clark Isle
Jonesview, VA 55107",New Stephenbury,Annaborough,Montana,+1-492-446-4698x1553,(526)993-2025x1535,dawncummings@gmail.com,Particular,02:45:18 - 17:09:26
f93ac2a8-8ea1-4752-9e8a-dd954a2862c5,Anthony Henderson,persona_natural,21442981573.0,81628090,"918 Mary Burg Apt. 952
East Sharon, ND 14880",Danielport,Thomasport,New York,+1-759-426-5957,,hthornton@yahoo.com,Otro,18:18:05 - 16:09:49
cb23163c-174e-42d0-a9b2-8f927b91af0e,Kevin Collins,empresa,74012604603.0,84108756,"Unit 4034 Box 5244
DPO AP 77225",Justinberg,South Anthony,South Dakota,001-755-785-3298,,joshua23@gmail.com,Otro,22:32:56 - 02:35:45
84ebfe6d-7ddb-4f23-b3e8-45d3882d041b,Jessica Reynolds,persona_natural,,8188964,"4123 Hahn Hills Apt. 169
East Marioland, WV 11305",West Marthastad,Kelseymouth,Massachusetts,337-087-8813x069,684.766.7663,kathryn85@gmail.com,Distribuidor,15:28:38 - 17:42:53
b9df2080-a0af-40e1-b834-ab0969edb13a,Joe Yu,empresa,4904923042.0,6083317,"3684 Ball Plaza
Lake Katherineville, MS 69333",South Eduardoberg,Elizabethville,Idaho,582.068.3734x91503,(072)079-3300,smithlisa@yahoo.com,Otro,17:16:21 - 01:08:32
6859dd48-de05-403b-8354-ec89bb47a15e,Deanna Smith,empresa,,34301765,"PSC 6710, Box 1718
APO AA 70746",New Katrinaland,Medinaburgh,New Hampshire,(735)620-4030x273,,davidvasquez@hotmail.com,Distribuidor,05:33:34 - 23:10:13
7bbee494-5bba-4345-a48b-8a6c2f381b4f,Nicholas Mcgee,persona_natural,,53107185,"35718 Lawrence Ranch Apt. 599
Lake Ralphland, HI 97785",Juliaside,Port Jacob,Connecticut,548-287-6719,746-986-4888x613,ngray@williams.org,Distribuidor,23:44:07 - 03:58:27
9ec522a4-1bb8-48e6-bd4f-188e27fac227,John Foster,persona_natural,,16797920,"6902 May Common
Curtisborough, NC 91756",East Ashley,Lake Katrinahaven,Louisiana,001-851-437-1764x36305,,robert62@yahoo.com,Particular,11:31:13 - 14:12:08
41672ace-c4fe-4f38-82d0-a2d94b12cada,Daryl Lambert,persona_natural,,23988563,"59378 Kim Club
Webstershire, OK 40172",South Joshua,Moorebury,Louisiana,505.963.2479,,terry00@mcgrath.com,Particular,06:06:35 - 04:34:29
9b57f3d9-8479-4471-a2db-5ac320bc2210,Christopher Mullen,persona_natural,48681474690.0,60397627,"7125 Andrade Spur
Josefort, NC 06546",Lake Tammy,Navarrofort,New Mexico,1367461385,,gomezbruce@hotmail.com,Distribuidor,13:03:44 - 17:27:31
df07b41f-502d-4da8-97f8-45be91763221,Angela Torres,empresa,,56349990,"9591 Baker Mountains Suite 762
Robertberg, CA 22450",Gibsonshire,Smithfort,Nevada,758.407.4063,(978)176-4751x08472,timothy47@hotmail.com,Distribuidor,06:47:47 - 03:06:13
d3e2acc4-f510-4120-b4db-ef63395871bf,Gregory Gonzales,persona_natural,61452695853.0,52546643,"Unit 3567 Box 2288
DPO AA 68953",Michaelton,Port Adam,Pennsylvania,+1-893-545-9060x88092,715-722-0667x898,jacobbailey@roy.com,Distribuidor,04:22:04 - 08:04:29
2ea034b3-b9a3-4a77-855e-cd0750c5ab42,Krystal Hodge,empresa,,46520389,"980 George Mission
Perezshire, ID 60691",Lake Tonyaberg,South Steven,Massachusetts,(865)265-5549,(513)898-2314,margaret69@frederick-mccarty.com,Distribuidor,14:16:29 - 20:53:42
e8d4a887-5aa6-4c0d-aa19-7ea77b141e7e,Gabriel Jackson,persona_natural,11852250818.0,43496461,"277 Stafford Land Apt. 920
Port Brittney, NE 97020",Michelletown,West Danielborough,North Dakota,+1-665-535-2632x5640,,michelle76@gmail.com,Distribuidor,21:55:41 - 16:44:51
608f1a17-11a8-426e-be97-0becb0915572,Denise Bell,persona_natural,,45673257,"080 Higgins View Apt. 317
South Brittany, SC 84559",Littleshire,Robbinsport,Georgia,+1-309-847-3009x765,(515)934-0415x000,fergusonwilliam@richmond.info,Distribuidor,20:38:49 - 06:40:35
84cfc486-1236-4ffc-a239-d34d07f16dba,Larry Allen,empresa,,12802564,"526 Brown Spur
Lake Tracifurt, WI 59066",Lake Lisa,Lake Susanport,Indiana,617.870.3929x73273,,michael35@garza-jones.org,Otro,12:09:48 - 12:24:27
780404c3-be3d-4b4e-bcdf-5b0c63ea8720,Nicholas Adams,persona_natural,,11033489,"7475 Moore Ferry
Lake Rachel, IN 01483",Wadeview,Sullivanside,Nebraska,456.995.7009,001-384-614-8677x334,hansonjacob@decker.com,Particular,11:54:48 - 00:10:12
5bc8d9fe-8148-4567-b88c-4caa28d5d566,Andre Brooks,persona_natural,54864717660.0,84109528,"335 Tina Corner
East Monique, FL 70068",Anthonyville,Lake Ericaside,Rhode Island,001-135-673-7999,,wangchristina@jones-hoffman.com,Otro,20:40:34 - 10:58:47
5cc6ac9e-a27a-46a2-9c72-44986315fe41,Charles Huang,empresa,,71304357,"786 Leonard Loaf Suite 058
Colemanfort, LA 20100",Lawsonmouth,Lake Meganside,Mississippi,484-587-3024x9923,001-495-856-5431,egarcia@phillips.com,Particular,06:09:25 - 23:02:33
c737e89d-1ad7-4863-a069-22f885fb2cf2,Mark Larsen,persona_natural,91012715456.0,50733559,"7154 Goodman Dale
Port Chad, FL 28264",South Rebeccamouth,Alyssaton,Indiana,157-928-4707x952,146.939.4638,frojas@martin-walker.biz,Otro,21:02:57 - 16:58:15
9f7333dc-e8d5-4655-bccb-c0f77651fe1a,Jessica Scott,empresa,,44723363,"646 Ryan Plaza Apt. 046
Port Richard, TN 02928",Port Pamela,Carrollborough,Mississippi,001-615-918-2039x6909,388.699.1365x6912,debraanderson@hall-scott.org,Distribuidor,16:04:59 - 07:53:39
a0f273d6-647f-49e5-a426-a1db4fce0e0d,Jason Lopez,persona_natural,,11625802,"41131 Jessica Courts
South Sharonland, AL 30159",Lake Gregoryport,Larashire,Florida,268.994.0223,024-754-2961,shawn17@perez.com,Particular,10:29:52 - 18:53:33
db245ba8-7900-416a-98d4-cfa3a2fbdea0,Christopher Martin,empresa,12397548042.0,37839602,"5572 Jones Inlet Apt. 896
South Zachary, OK 67375",Brandonstad,Robertsonport,Colorado,562.084.2428,,adam29@yahoo.com,Distribuidor,01:17:09 - 18:02:03
e23d36c2-5580-47f3-82c2-6d9f54347f25,Charles Juarez,persona_natural,,25037825,"1900 Matthew Vista Apt. 764
Jenniferbury, NY 46462",Stevenston,Hooverview,Massachusetts,+1-711-082-1203,,armstrongbrian@yahoo.com,Distribuidor,00:18:46 - 22:55:48
ee517be0-01f4-4a10-b328-7a4e0f4e508d,Dawn Ford,empresa,38287220626.0,26410398,"128 Williams Drives
Williamfurt, DC 63867",Wilsonbury,Lake Chadville,New Hampshire,+1-596-517-9655x3895,247-250-7371x0744,kerrjeffrey@thomas.biz,Distribuidor,10:48:36 - 06:45:42
736b7d8b-c9e7-411b-8c7d-1c0cfda812fc,Carla Fields,persona_natural,40463393852.0,76858617,"9718 Nicholas Street Apt. 464
West Andrew, RI 43339",Lake Joseph,Lake Robert,New Hampshire,(899)022-6198,595-550-6634,juliegonzalez@benjamin.com,Otro,16:18:27 - 22:25:19
9e2f73ee-883b-46a2-bd94-0a489b0ee821,Kelsey Thomas,empresa,82895328216.0,77884439,"502 Melissa Key
Brownton, WA 44012",West Elizabeth,East Brianfurt,California,+1-140-267-4059x7044,001-068-665-8622x96183,huffmanjustin@gmail.com,Otro,04:27:31 - 19:40:26
61c33948-3770-4cf4-b813-70108412fc5e,Gerald Hansen,empresa,,2487021,"USCGC Yu
FPO AP 57424",Powellborough,East Rebeccaburgh,Ohio,589-162-4540x5673,,oallen@williams-jordan.biz,Distribuidor,00:13:47 - 08:11:44
d1e946fc-4fd3-43c4-97e0-1d1d88f69a19,Jacqueline Johnson,empresa,,15011548,"65253 Kim Circles Apt. 299
Christineside, DC 52428",East Anthonyton,West David,Alabama,+1-066-089-4597x39195,,nancy63@gmail.com,Otro,02:24:46 - 13:35:07
164d6911-b5dd-44ad-9900-b710ae92a585,Heather French,empresa,,20453816,"10919 Ortega Track
Lake Veronicastad, IA 74432",North Michael,Greenton,Wisconsin,(930)320-1197x5202,152.479.0319,ashley29@gardner-navarro.com,Particular,15:07:26 - 08:34:12
91c68d78-17e9-4cde-a1a0-6aa31254f6a1,Matthew Graham,persona_natural,,96143556,"61559 Spencer Club
Lake Sethchester, NH 22927",New Gregory,Lake Sandra,Vermont,(620)465-9278x309,(323)683-4316x221,thomasjason@jackson.com,Distribuidor,20:55:20 - 23:37:20
20bd0429-80dc-45ae-b12c-ddb630d4766a,Natasha Burns,empresa,,8153657,"8395 Rojas Curve
South Melinda, NY 56356",East Heathermouth,West Lance,Ohio,038-635-9940,+1-503-839-7700x9854,andreawhite@walker.com,Particular,09:03:05 - 08:33:44
36d84446-cc3e-4c79-a8e0-fc6f0170a257,Shawn Garcia,empresa,6598659324.0,634351,"7765 Leon Shoal
Stephenport, NY 73811",Wrightmouth,East Angelaland,Idaho,+1-361-258-2199x8828,,kanderson@parrish.net,Distribuidor,05:39:39 - 01:42:53
c4f12816-7def-4b67-a730-674ba6bd6542,Kelli Grant,persona_natural,72942135416.0,16467596,"706 Alexandra Cove
Lake Ginaland, TN 88977",New Pamela,Rodriguezport,Washington,003-783-3713,001-226-716-5089x316,vdorsey@hotmail.com,Otro,07:14:19 - 12:36:11
748203b0-a10a-4050-8777-8d18f2520824,Jessica Davis,empresa,,38771363,"2623 Laura Plains Suite 469
East Franciscotown, GA 20269",Dunnmouth,Port Hayleyside,Michigan,(710)924-4673x4440,,qwalker@weber.com,Otro,20:13:02 - 01:03:40
03fdee30-5972-4d39-a346-a2a85f8baa45,Robert Atkinson,persona_natural,,50322182,"2131 Daniel Harbor Apt. 574
East Dianaland, NV 28005",Greenland,Washingtonside,West Virginia,(836)305-9993x76998,,haaslinda@gmail.com,Otro,12:41:55 - 03:15:48
